<?xml version="1.0" encoding="UTF-8"?>
<!DOCTYPE plist PUBLIC "-//Apple//DTD PLIST 1.0//EN" "http://www.apple.com/DTDs/PropertyList-1.0.dtd">
<plist version="1.0">
<dict>
	<key>files</key>
	<dict/>
	<key>files2</key>
	<dict>
		<key>Home/conf/jaxp.properties</key>
		<dict>
			<key>hash2</key>
			<data>
			fZXElGXQyDbWCNAoVtOwl5NN+13EvSJ5r/rzN9BFtwg=
			</data>
		</dict>
		<key>Home/conf/logging.properties</key>
		<dict>
			<key>hash2</key>
			<data>
			ti0nM6uZVWsQihlR2JTFqNdrGsegDALDiPnrm+BGxW8=
			</data>
		</dict>
		<key>Home/conf/management/jmxremote.access</key>
		<dict>
			<key>hash2</key>
			<data>
			DCXSbuISyh6MM/Z8PEYNQ/6EnDodI9vjQRSFF2ArKAw=
			</data>
		</dict>
		<key>Home/conf/management/jmxremote.password.template</key>
		<dict>
			<key>hash2</key>
			<data>
			AnO2prniDmzlTFrucBZAKOA5UGOyt9OQYKQLZJVUPb8=
			</data>
		</dict>
		<key>Home/conf/management/management.properties</key>
		<dict>
			<key>hash2</key>
			<data>
			B9/92FsBwZv0bKMgppmrpI3WsBBD6wvWqVKMeZMxK60=
			</data>
		</dict>
		<key>Home/conf/net.properties</key>
		<dict>
			<key>hash2</key>
			<data>
			LgcO0dlwUvDOh3HtLvdKONfCYKRf3no2gsiETl/fWKQ=
			</data>
		</dict>
		<key>Home/conf/security/java.policy</key>
		<dict>
			<key>hash2</key>
			<data>
			1RvKt+0wHK7/N3ml53fmAZhkzs7l4qvBAu+ZGw3nevI=
			</data>
		</dict>
		<key>Home/conf/security/java.security</key>
		<dict>
			<key>hash2</key>
			<data>
			Dv+FEOqHeUejaFoGPP4ZmnQgaLRhZ6upNZynSz2oK/8=
			</data>
		</dict>
		<key>Home/conf/security/policy/README.txt</key>
		<dict>
			<key>hash2</key>
			<data>
			baB0czSw/qdZL9kmFLK7yLEmU14Smx/uSDd02RTpjrU=
			</data>
		</dict>
		<key>Home/conf/security/policy/limited/default_US_export.policy</key>
		<dict>
			<key>hash2</key>
			<data>
			dYuTClJvxnCrdTf4wmMhUnBQox9fQhSaLdpiPFagoak=
			</data>
		</dict>
		<key>Home/conf/security/policy/limited/default_local.policy</key>
		<dict>
			<key>hash2</key>
			<data>
			KyYnVI5hMWFQ1H/8PmytRlygWzzM1Hhet9Iap7qg9EE=
			</data>
		</dict>
		<key>Home/conf/security/policy/limited/exempt_local.policy</key>
		<dict>
			<key>hash2</key>
			<data>
			jD12SKvNlaJyzhLbhwCCk39Nf2h41zDYPLf7sx64ssk=
			</data>
		</dict>
		<key>Home/conf/security/policy/unlimited/default_US_export.policy</key>
		<dict>
			<key>hash2</key>
			<data>
			dYuTClJvxnCrdTf4wmMhUnBQox9fQhSaLdpiPFagoak=
			</data>
		</dict>
		<key>Home/conf/security/policy/unlimited/default_local.policy</key>
		<dict>
			<key>hash2</key>
			<data>
			jYoxjm2Q39fiZhLStjhapwT2hsphNMVR+JKEGNkrhRo=
			</data>
		</dict>
		<key>Home/conf/sound.properties</key>
		<dict>
			<key>hash2</key>
			<data>
			KZwjYLYVXrKJkOxJzSF1P5fkNEL+j6sD4E8+IT30OmY=
			</data>
		</dict>
		<key>Home/legal/java.base/ADDITIONAL_LICENSE_INFO</key>
		<dict>
			<key>hash2</key>
			<data>
			ppvOJ1uno1cK9lecsPVWgs11/t/NSeDo6QIicMRHyRY=
			</data>
		</dict>
		<key>Home/legal/java.base/ASSEMBLY_EXCEPTION</key>
		<dict>
			<key>hash2</key>
			<data>
			dSkvA78j09t8mFrswZECm5OIMgByHtI+00ouYBRj3zM=
			</data>
		</dict>
		<key>Home/legal/java.base/LICENSE</key>
		<dict>
			<key>hash2</key>
			<data>
			S5q+vEM4BIp8LcGE6fgA3rNJNmvfKOsjwmd6d7TIdyY=
			</data>
		</dict>
		<key>Home/legal/java.base/aes.md</key>
		<dict>
			<key>hash2</key>
			<data>
			RcbU2kgyXt+/89z3HHBOUEwFeQRDXtI8bVcEbVUetp0=
			</data>
		</dict>
		<key>Home/legal/java.base/asm.md</key>
		<dict>
			<key>hash2</key>
			<data>
			aDvhVpW9JIJy1g9bf75eEmqTXqa/IxpiSpqhZHM+HR0=
			</data>
		</dict>
		<key>Home/legal/java.base/c-libutl.md</key>
		<dict>
			<key>hash2</key>
			<data>
			vvQGeZItb9+35N2yI61nIjAPYFS6c3u/YYjWD87FF/k=
			</data>
		</dict>
		<key>Home/legal/java.base/cldr.md</key>
		<dict>
			<key>hash2</key>
			<data>
			GVFeFKJA4CJkDpW2G1CVEn+paQdVlQtKKwoC54PggWM=
			</data>
		</dict>
		<key>Home/legal/java.base/icu.md</key>
		<dict>
			<key>hash2</key>
			<data>
			G/KEWcbgr580KfT4vs0WaNZUQFX43yQCd0VrxLPYp1I=
			</data>
		</dict>
		<key>Home/legal/java.base/public_suffix.md</key>
		<dict>
			<key>hash2</key>
			<data>
			9J4CostQyX3uwk2SCNIjjt5iiHa5KYWHr36JY1V96AM=
			</data>
		</dict>
		<key>Home/legal/java.base/siphash.md</key>
		<dict>
			<key>hash2</key>
			<data>
			WnkrWnStKl89anrYt6hBEW5Yp3LBi8bjkjIKNlsiLHY=
			</data>
		</dict>
		<key>Home/legal/java.base/unicode.md</key>
		<dict>
			<key>hash2</key>
			<data>
			b3LxDRZrLC6KOV4D5zTFr8hStZrspzztEk9rnJYmjVM=
			</data>
		</dict>
		<key>Home/legal/java.base/zlib.md</key>
		<dict>
			<key>hash2</key>
			<data>
			gJtiumSOAjAvfZ6mtohsENUlOshq1SgDilDHPq2l/OI=
			</data>
		</dict>
		<key>Home/legal/java.compiler/ADDITIONAL_LICENSE_INFO</key>
		<dict>
			<key>symlink</key>
			<string>../java.base/ADDITIONAL_LICENSE_INFO</string>
		</dict>
		<key>Home/legal/java.compiler/ASSEMBLY_EXCEPTION</key>
		<dict>
			<key>symlink</key>
			<string>../java.base/ASSEMBLY_EXCEPTION</string>
		</dict>
		<key>Home/legal/java.compiler/LICENSE</key>
		<dict>
			<key>symlink</key>
			<string>../java.base/LICENSE</string>
		</dict>
		<key>Home/legal/java.datatransfer/ADDITIONAL_LICENSE_INFO</key>
		<dict>
			<key>symlink</key>
			<string>../java.base/ADDITIONAL_LICENSE_INFO</string>
		</dict>
		<key>Home/legal/java.datatransfer/ASSEMBLY_EXCEPTION</key>
		<dict>
			<key>symlink</key>
			<string>../java.base/ASSEMBLY_EXCEPTION</string>
		</dict>
		<key>Home/legal/java.datatransfer/LICENSE</key>
		<dict>
			<key>symlink</key>
			<string>../java.base/LICENSE</string>
		</dict>
		<key>Home/legal/java.desktop/ADDITIONAL_LICENSE_INFO</key>
		<dict>
			<key>symlink</key>
			<string>../java.base/ADDITIONAL_LICENSE_INFO</string>
		</dict>
		<key>Home/legal/java.desktop/ASSEMBLY_EXCEPTION</key>
		<dict>
			<key>symlink</key>
			<string>../java.base/ASSEMBLY_EXCEPTION</string>
		</dict>
		<key>Home/legal/java.desktop/LICENSE</key>
		<dict>
			<key>symlink</key>
			<string>../java.base/LICENSE</string>
		</dict>
		<key>Home/legal/java.desktop/colorimaging.md</key>
		<dict>
			<key>hash2</key>
			<data>
			BNYePo5x3UUuvlIAivU3jZ9mQNFFeK61FdxTdZc7AYk=
			</data>
		</dict>
		<key>Home/legal/java.desktop/freetype.md</key>
		<dict>
			<key>hash2</key>
			<data>
			6kvsVw7TXrFjr/lCD3zgj2+TeMEVvc94Zdwc0dTU6kg=
			</data>
		</dict>
		<key>Home/legal/java.desktop/giflib.md</key>
		<dict>
			<key>hash2</key>
			<data>
			bNlxcw0wR+pX9oZbe9yiUJqYdq4k1cDtDE4y3vX5EH4=
			</data>
		</dict>
		<key>Home/legal/java.desktop/harfbuzz.md</key>
		<dict>
			<key>hash2</key>
			<data>
			ch18WiS9DApZ/l7h/eHBdUGnRcA444g9SxhKIXefTkg=
			</data>
		</dict>
		<key>Home/legal/java.desktop/jpeg.md</key>
		<dict>
			<key>hash2</key>
			<data>
			wd+5cZpxrZ+GH4coVQVC1oHiXI70DmOTYG5uKgwdZTo=
			</data>
		</dict>
		<key>Home/legal/java.desktop/lcms.md</key>
		<dict>
			<key>hash2</key>
			<data>
			6fXzdMtBFqy9guw5sKH5OrH1rf2MIISIuo+X3mXoZEY=
			</data>
		</dict>
		<key>Home/legal/java.desktop/libpng.md</key>
		<dict>
			<key>hash2</key>
			<data>
			JkKcHrZdtBysgZmb69cFpgpduh2DdmTkzJT1TVhn2Bg=
			</data>
		</dict>
		<key>Home/legal/java.desktop/mesa3d.md</key>
		<dict>
			<key>hash2</key>
			<data>
			Y/Tm91yuu8y5XZA/tD5GrHERs2JNCjTxRrJ219nnsVI=
			</data>
		</dict>
		<key>Home/legal/java.desktop/pipewire.md</key>
		<dict>
			<key>hash2</key>
			<data>
			fASU016F5fM7saawYahLe3RZBHZMO3usfX2LgXpsotY=
			</data>
		</dict>
		<key>Home/legal/java.desktop/xwd.md</key>
		<dict>
			<key>hash2</key>
			<data>
			HU/6k8h/NQhLAqeqkKIQhLQBnbT+EAPC5c53W0o4T1k=
			</data>
		</dict>
		<key>Home/legal/java.instrument/ADDITIONAL_LICENSE_INFO</key>
		<dict>
			<key>symlink</key>
			<string>../java.base/ADDITIONAL_LICENSE_INFO</string>
		</dict>
		<key>Home/legal/java.instrument/ASSEMBLY_EXCEPTION</key>
		<dict>
			<key>symlink</key>
			<string>../java.base/ASSEMBLY_EXCEPTION</string>
		</dict>
		<key>Home/legal/java.instrument/LICENSE</key>
		<dict>
			<key>symlink</key>
			<string>../java.base/LICENSE</string>
		</dict>
		<key>Home/legal/java.logging/ADDITIONAL_LICENSE_INFO</key>
		<dict>
			<key>symlink</key>
			<string>../java.base/ADDITIONAL_LICENSE_INFO</string>
		</dict>
		<key>Home/legal/java.logging/ASSEMBLY_EXCEPTION</key>
		<dict>
			<key>symlink</key>
			<string>../java.base/ASSEMBLY_EXCEPTION</string>
		</dict>
		<key>Home/legal/java.logging/LICENSE</key>
		<dict>
			<key>symlink</key>
			<string>../java.base/LICENSE</string>
		</dict>
		<key>Home/legal/java.management.rmi/ADDITIONAL_LICENSE_INFO</key>
		<dict>
			<key>symlink</key>
			<string>../java.base/ADDITIONAL_LICENSE_INFO</string>
		</dict>
		<key>Home/legal/java.management.rmi/ASSEMBLY_EXCEPTION</key>
		<dict>
			<key>symlink</key>
			<string>../java.base/ASSEMBLY_EXCEPTION</string>
		</dict>
		<key>Home/legal/java.management.rmi/LICENSE</key>
		<dict>
			<key>symlink</key>
			<string>../java.base/LICENSE</string>
		</dict>
		<key>Home/legal/java.management/ADDITIONAL_LICENSE_INFO</key>
		<dict>
			<key>symlink</key>
			<string>../java.base/ADDITIONAL_LICENSE_INFO</string>
		</dict>
		<key>Home/legal/java.management/ASSEMBLY_EXCEPTION</key>
		<dict>
			<key>symlink</key>
			<string>../java.base/ASSEMBLY_EXCEPTION</string>
		</dict>
		<key>Home/legal/java.management/LICENSE</key>
		<dict>
			<key>symlink</key>
			<string>../java.base/LICENSE</string>
		</dict>
		<key>Home/legal/java.naming/ADDITIONAL_LICENSE_INFO</key>
		<dict>
			<key>symlink</key>
			<string>../java.base/ADDITIONAL_LICENSE_INFO</string>
		</dict>
		<key>Home/legal/java.naming/ASSEMBLY_EXCEPTION</key>
		<dict>
			<key>symlink</key>
			<string>../java.base/ASSEMBLY_EXCEPTION</string>
		</dict>
		<key>Home/legal/java.naming/LICENSE</key>
		<dict>
			<key>symlink</key>
			<string>../java.base/LICENSE</string>
		</dict>
		<key>Home/legal/java.net.http/ADDITIONAL_LICENSE_INFO</key>
		<dict>
			<key>symlink</key>
			<string>../java.base/ADDITIONAL_LICENSE_INFO</string>
		</dict>
		<key>Home/legal/java.net.http/ASSEMBLY_EXCEPTION</key>
		<dict>
			<key>symlink</key>
			<string>../java.base/ASSEMBLY_EXCEPTION</string>
		</dict>
		<key>Home/legal/java.net.http/LICENSE</key>
		<dict>
			<key>symlink</key>
			<string>../java.base/LICENSE</string>
		</dict>
		<key>Home/legal/java.prefs/ADDITIONAL_LICENSE_INFO</key>
		<dict>
			<key>symlink</key>
			<string>../java.base/ADDITIONAL_LICENSE_INFO</string>
		</dict>
		<key>Home/legal/java.prefs/ASSEMBLY_EXCEPTION</key>
		<dict>
			<key>symlink</key>
			<string>../java.base/ASSEMBLY_EXCEPTION</string>
		</dict>
		<key>Home/legal/java.prefs/LICENSE</key>
		<dict>
			<key>symlink</key>
			<string>../java.base/LICENSE</string>
		</dict>
		<key>Home/legal/java.rmi/ADDITIONAL_LICENSE_INFO</key>
		<dict>
			<key>symlink</key>
			<string>../java.base/ADDITIONAL_LICENSE_INFO</string>
		</dict>
		<key>Home/legal/java.rmi/ASSEMBLY_EXCEPTION</key>
		<dict>
			<key>symlink</key>
			<string>../java.base/ASSEMBLY_EXCEPTION</string>
		</dict>
		<key>Home/legal/java.rmi/LICENSE</key>
		<dict>
			<key>symlink</key>
			<string>../java.base/LICENSE</string>
		</dict>
		<key>Home/legal/java.scripting/ADDITIONAL_LICENSE_INFO</key>
		<dict>
			<key>symlink</key>
			<string>../java.base/ADDITIONAL_LICENSE_INFO</string>
		</dict>
		<key>Home/legal/java.scripting/ASSEMBLY_EXCEPTION</key>
		<dict>
			<key>symlink</key>
			<string>../java.base/ASSEMBLY_EXCEPTION</string>
		</dict>
		<key>Home/legal/java.scripting/LICENSE</key>
		<dict>
			<key>symlink</key>
			<string>../java.base/LICENSE</string>
		</dict>
		<key>Home/legal/java.security.jgss/ADDITIONAL_LICENSE_INFO</key>
		<dict>
			<key>symlink</key>
			<string>../java.base/ADDITIONAL_LICENSE_INFO</string>
		</dict>
		<key>Home/legal/java.security.jgss/ASSEMBLY_EXCEPTION</key>
		<dict>
			<key>symlink</key>
			<string>../java.base/ASSEMBLY_EXCEPTION</string>
		</dict>
		<key>Home/legal/java.security.jgss/LICENSE</key>
		<dict>
			<key>symlink</key>
			<string>../java.base/LICENSE</string>
		</dict>
		<key>Home/legal/java.security.sasl/ADDITIONAL_LICENSE_INFO</key>
		<dict>
			<key>symlink</key>
			<string>../java.base/ADDITIONAL_LICENSE_INFO</string>
		</dict>
		<key>Home/legal/java.security.sasl/ASSEMBLY_EXCEPTION</key>
		<dict>
			<key>symlink</key>
			<string>../java.base/ASSEMBLY_EXCEPTION</string>
		</dict>
		<key>Home/legal/java.security.sasl/LICENSE</key>
		<dict>
			<key>symlink</key>
			<string>../java.base/LICENSE</string>
		</dict>
		<key>Home/legal/java.smartcardio/ADDITIONAL_LICENSE_INFO</key>
		<dict>
			<key>symlink</key>
			<string>../java.base/ADDITIONAL_LICENSE_INFO</string>
		</dict>
		<key>Home/legal/java.smartcardio/ASSEMBLY_EXCEPTION</key>
		<dict>
			<key>symlink</key>
			<string>../java.base/ASSEMBLY_EXCEPTION</string>
		</dict>
		<key>Home/legal/java.smartcardio/LICENSE</key>
		<dict>
			<key>symlink</key>
			<string>../java.base/LICENSE</string>
		</dict>
		<key>Home/legal/java.smartcardio/pcsclite.md</key>
		<dict>
			<key>hash2</key>
			<data>
			s5zjY8KB7TbpN/nmwDMR19vwsg02FN3ghBMMKhCQlpI=
			</data>
		</dict>
		<key>Home/legal/java.sql.rowset/ADDITIONAL_LICENSE_INFO</key>
		<dict>
			<key>symlink</key>
			<string>../java.base/ADDITIONAL_LICENSE_INFO</string>
		</dict>
		<key>Home/legal/java.sql.rowset/ASSEMBLY_EXCEPTION</key>
		<dict>
			<key>symlink</key>
			<string>../java.base/ASSEMBLY_EXCEPTION</string>
		</dict>
		<key>Home/legal/java.sql.rowset/LICENSE</key>
		<dict>
			<key>symlink</key>
			<string>../java.base/LICENSE</string>
		</dict>
		<key>Home/legal/java.sql/ADDITIONAL_LICENSE_INFO</key>
		<dict>
			<key>symlink</key>
			<string>../java.base/ADDITIONAL_LICENSE_INFO</string>
		</dict>
		<key>Home/legal/java.sql/ASSEMBLY_EXCEPTION</key>
		<dict>
			<key>symlink</key>
			<string>../java.base/ASSEMBLY_EXCEPTION</string>
		</dict>
		<key>Home/legal/java.sql/LICENSE</key>
		<dict>
			<key>symlink</key>
			<string>../java.base/LICENSE</string>
		</dict>
		<key>Home/legal/java.transaction.xa/ADDITIONAL_LICENSE_INFO</key>
		<dict>
			<key>symlink</key>
			<string>../java.base/ADDITIONAL_LICENSE_INFO</string>
		</dict>
		<key>Home/legal/java.transaction.xa/ASSEMBLY_EXCEPTION</key>
		<dict>
			<key>symlink</key>
			<string>../java.base/ASSEMBLY_EXCEPTION</string>
		</dict>
		<key>Home/legal/java.transaction.xa/LICENSE</key>
		<dict>
			<key>symlink</key>
			<string>../java.base/LICENSE</string>
		</dict>
		<key>Home/legal/java.xml.crypto/ADDITIONAL_LICENSE_INFO</key>
		<dict>
			<key>symlink</key>
			<string>../java.base/ADDITIONAL_LICENSE_INFO</string>
		</dict>
		<key>Home/legal/java.xml.crypto/ASSEMBLY_EXCEPTION</key>
		<dict>
			<key>symlink</key>
			<string>../java.base/ASSEMBLY_EXCEPTION</string>
		</dict>
		<key>Home/legal/java.xml.crypto/LICENSE</key>
		<dict>
			<key>symlink</key>
			<string>../java.base/LICENSE</string>
		</dict>
		<key>Home/legal/java.xml.crypto/santuario.md</key>
		<dict>
			<key>hash2</key>
			<data>
			t3ZLYXMdTulWewkPNNAiN6/PsDd+XRE2x60+80XMSTc=
			</data>
		</dict>
		<key>Home/legal/java.xml/ADDITIONAL_LICENSE_INFO</key>
		<dict>
			<key>symlink</key>
			<string>../java.base/ADDITIONAL_LICENSE_INFO</string>
		</dict>
		<key>Home/legal/java.xml/ASSEMBLY_EXCEPTION</key>
		<dict>
			<key>symlink</key>
			<string>../java.base/ASSEMBLY_EXCEPTION</string>
		</dict>
		<key>Home/legal/java.xml/LICENSE</key>
		<dict>
			<key>symlink</key>
			<string>../java.base/LICENSE</string>
		</dict>
		<key>Home/legal/java.xml/bcel.md</key>
		<dict>
			<key>hash2</key>
			<data>
			hToefOOXuxDeDis73ghEvMZR8X2YPezQfS0APAMEwxE=
			</data>
		</dict>
		<key>Home/legal/java.xml/dom.md</key>
		<dict>
			<key>hash2</key>
			<data>
			Zoboh3ZnWEo6fAc0S6rcoaA+KfZ3Fi2Hw8CBHpkNEUg=
			</data>
		</dict>
		<key>Home/legal/java.xml/jcup.md</key>
		<dict>
			<key>hash2</key>
			<data>
			jV3P31BFWjw0x1OpjyHpUySK8gBBWpCE4/ECy2xDuL8=
			</data>
		</dict>
		<key>Home/legal/java.xml/xalan.md</key>
		<dict>
			<key>hash2</key>
			<data>
			wn64ddpL5oPU10Ir6Ybl4w9jbt4xlY/x05+c1hCeegA=
			</data>
		</dict>
		<key>Home/legal/java.xml/xerces.md</key>
		<dict>
			<key>hash2</key>
			<data>
			Smv2s2cZPuaGgcstn+0w/8XWLdLUd71i4CcXB9cbMkQ=
			</data>
		</dict>
		<key>Home/legal/jdk.accessibility/ADDITIONAL_LICENSE_INFO</key>
		<dict>
			<key>symlink</key>
			<string>../java.base/ADDITIONAL_LICENSE_INFO</string>
		</dict>
		<key>Home/legal/jdk.accessibility/ASSEMBLY_EXCEPTION</key>
		<dict>
			<key>symlink</key>
			<string>../java.base/ASSEMBLY_EXCEPTION</string>
		</dict>
		<key>Home/legal/jdk.accessibility/LICENSE</key>
		<dict>
			<key>symlink</key>
			<string>../java.base/LICENSE</string>
		</dict>
		<key>Home/legal/jdk.attach/ADDITIONAL_LICENSE_INFO</key>
		<dict>
			<key>symlink</key>
			<string>../java.base/ADDITIONAL_LICENSE_INFO</string>
		</dict>
		<key>Home/legal/jdk.attach/ASSEMBLY_EXCEPTION</key>
		<dict>
			<key>symlink</key>
			<string>../java.base/ASSEMBLY_EXCEPTION</string>
		</dict>
		<key>Home/legal/jdk.attach/LICENSE</key>
		<dict>
			<key>symlink</key>
			<string>../java.base/LICENSE</string>
		</dict>
		<key>Home/legal/jdk.charsets/ADDITIONAL_LICENSE_INFO</key>
		<dict>
			<key>symlink</key>
			<string>../java.base/ADDITIONAL_LICENSE_INFO</string>
		</dict>
		<key>Home/legal/jdk.charsets/ASSEMBLY_EXCEPTION</key>
		<dict>
			<key>symlink</key>
			<string>../java.base/ASSEMBLY_EXCEPTION</string>
		</dict>
		<key>Home/legal/jdk.charsets/LICENSE</key>
		<dict>
			<key>symlink</key>
			<string>../java.base/LICENSE</string>
		</dict>
		<key>Home/legal/jdk.compiler/ADDITIONAL_LICENSE_INFO</key>
		<dict>
			<key>symlink</key>
			<string>../java.base/ADDITIONAL_LICENSE_INFO</string>
		</dict>
		<key>Home/legal/jdk.compiler/ASSEMBLY_EXCEPTION</key>
		<dict>
			<key>symlink</key>
			<string>../java.base/ASSEMBLY_EXCEPTION</string>
		</dict>
		<key>Home/legal/jdk.compiler/LICENSE</key>
		<dict>
			<key>symlink</key>
			<string>../java.base/LICENSE</string>
		</dict>
		<key>Home/legal/jdk.crypto.cryptoki/ADDITIONAL_LICENSE_INFO</key>
		<dict>
			<key>symlink</key>
			<string>../java.base/ADDITIONAL_LICENSE_INFO</string>
		</dict>
		<key>Home/legal/jdk.crypto.cryptoki/ASSEMBLY_EXCEPTION</key>
		<dict>
			<key>symlink</key>
			<string>../java.base/ASSEMBLY_EXCEPTION</string>
		</dict>
		<key>Home/legal/jdk.crypto.cryptoki/LICENSE</key>
		<dict>
			<key>symlink</key>
			<string>../java.base/LICENSE</string>
		</dict>
		<key>Home/legal/jdk.crypto.cryptoki/pkcs11cryptotoken.md</key>
		<dict>
			<key>hash2</key>
			<data>
			JigC4IF2CzizdIyLGUNT00Djm8k2rCLheru3FY2JWBE=
			</data>
		</dict>
		<key>Home/legal/jdk.crypto.cryptoki/pkcs11wrapper.md</key>
		<dict>
			<key>hash2</key>
			<data>
			Nxl0sfyjdEo4ksfuH8xZO4tCgfwhj0yv0vcJ6d9f2B0=
			</data>
		</dict>
		<key>Home/legal/jdk.crypto.ec/ADDITIONAL_LICENSE_INFO</key>
		<dict>
			<key>symlink</key>
			<string>../java.base/ADDITIONAL_LICENSE_INFO</string>
		</dict>
		<key>Home/legal/jdk.crypto.ec/ASSEMBLY_EXCEPTION</key>
		<dict>
			<key>symlink</key>
			<string>../java.base/ASSEMBLY_EXCEPTION</string>
		</dict>
		<key>Home/legal/jdk.crypto.ec/LICENSE</key>
		<dict>
			<key>symlink</key>
			<string>../java.base/LICENSE</string>
		</dict>
		<key>Home/legal/jdk.dynalink/ADDITIONAL_LICENSE_INFO</key>
		<dict>
			<key>symlink</key>
			<string>../java.base/ADDITIONAL_LICENSE_INFO</string>
		</dict>
		<key>Home/legal/jdk.dynalink/ASSEMBLY_EXCEPTION</key>
		<dict>
			<key>symlink</key>
			<string>../java.base/ASSEMBLY_EXCEPTION</string>
		</dict>
		<key>Home/legal/jdk.dynalink/LICENSE</key>
		<dict>
			<key>symlink</key>
			<string>../java.base/LICENSE</string>
		</dict>
		<key>Home/legal/jdk.dynalink/dynalink.md</key>
		<dict>
			<key>hash2</key>
			<data>
			FzElkcq+4+9sNO2Il9kuTjYbqc6kHsANzWGjIqj8LNs=
			</data>
		</dict>
		<key>Home/legal/jdk.editpad/ADDITIONAL_LICENSE_INFO</key>
		<dict>
			<key>symlink</key>
			<string>../java.base/ADDITIONAL_LICENSE_INFO</string>
		</dict>
		<key>Home/legal/jdk.editpad/ASSEMBLY_EXCEPTION</key>
		<dict>
			<key>symlink</key>
			<string>../java.base/ASSEMBLY_EXCEPTION</string>
		</dict>
		<key>Home/legal/jdk.editpad/LICENSE</key>
		<dict>
			<key>symlink</key>
			<string>../java.base/LICENSE</string>
		</dict>
		<key>Home/legal/jdk.httpserver/ADDITIONAL_LICENSE_INFO</key>
		<dict>
			<key>symlink</key>
			<string>../java.base/ADDITIONAL_LICENSE_INFO</string>
		</dict>
		<key>Home/legal/jdk.httpserver/ASSEMBLY_EXCEPTION</key>
		<dict>
			<key>symlink</key>
			<string>../java.base/ASSEMBLY_EXCEPTION</string>
		</dict>
		<key>Home/legal/jdk.httpserver/LICENSE</key>
		<dict>
			<key>symlink</key>
			<string>../java.base/LICENSE</string>
		</dict>
		<key>Home/legal/jdk.incubator.vector/ADDITIONAL_LICENSE_INFO</key>
		<dict>
			<key>symlink</key>
			<string>../java.base/ADDITIONAL_LICENSE_INFO</string>
		</dict>
		<key>Home/legal/jdk.incubator.vector/ASSEMBLY_EXCEPTION</key>
		<dict>
			<key>symlink</key>
			<string>../java.base/ASSEMBLY_EXCEPTION</string>
		</dict>
		<key>Home/legal/jdk.incubator.vector/LICENSE</key>
		<dict>
			<key>symlink</key>
			<string>../java.base/LICENSE</string>
		</dict>
		<key>Home/legal/jdk.internal.ed/ADDITIONAL_LICENSE_INFO</key>
		<dict>
			<key>symlink</key>
			<string>../java.base/ADDITIONAL_LICENSE_INFO</string>
		</dict>
		<key>Home/legal/jdk.internal.ed/ASSEMBLY_EXCEPTION</key>
		<dict>
			<key>symlink</key>
			<string>../java.base/ASSEMBLY_EXCEPTION</string>
		</dict>
		<key>Home/legal/jdk.internal.ed/LICENSE</key>
		<dict>
			<key>symlink</key>
			<string>../java.base/LICENSE</string>
		</dict>
		<key>Home/legal/jdk.internal.jvmstat/ADDITIONAL_LICENSE_INFO</key>
		<dict>
			<key>symlink</key>
			<string>../java.base/ADDITIONAL_LICENSE_INFO</string>
		</dict>
		<key>Home/legal/jdk.internal.jvmstat/ASSEMBLY_EXCEPTION</key>
		<dict>
			<key>symlink</key>
			<string>../java.base/ASSEMBLY_EXCEPTION</string>
		</dict>
		<key>Home/legal/jdk.internal.jvmstat/LICENSE</key>
		<dict>
			<key>symlink</key>
			<string>../java.base/LICENSE</string>
		</dict>
		<key>Home/legal/jdk.internal.le/ADDITIONAL_LICENSE_INFO</key>
		<dict>
			<key>symlink</key>
			<string>../java.base/ADDITIONAL_LICENSE_INFO</string>
		</dict>
		<key>Home/legal/jdk.internal.le/ASSEMBLY_EXCEPTION</key>
		<dict>
			<key>symlink</key>
			<string>../java.base/ASSEMBLY_EXCEPTION</string>
		</dict>
		<key>Home/legal/jdk.internal.le/LICENSE</key>
		<dict>
			<key>symlink</key>
			<string>../java.base/LICENSE</string>
		</dict>
		<key>Home/legal/jdk.internal.le/jline.md</key>
		<dict>
			<key>hash2</key>
			<data>
			mMMOcpRpQnvuATHBZobVF4aU0QSHr3ftK5KVjzFW5Es=
			</data>
		</dict>
		<key>Home/legal/jdk.internal.opt/ADDITIONAL_LICENSE_INFO</key>
		<dict>
			<key>symlink</key>
			<string>../java.base/ADDITIONAL_LICENSE_INFO</string>
		</dict>
		<key>Home/legal/jdk.internal.opt/ASSEMBLY_EXCEPTION</key>
		<dict>
			<key>symlink</key>
			<string>../java.base/ASSEMBLY_EXCEPTION</string>
		</dict>
		<key>Home/legal/jdk.internal.opt/LICENSE</key>
		<dict>
			<key>symlink</key>
			<string>../java.base/LICENSE</string>
		</dict>
		<key>Home/legal/jdk.internal.opt/jopt-simple.md</key>
		<dict>
			<key>hash2</key>
			<data>
			mbxn+Tz1fW0g5gR3Mck/uyZ9cPvdQRXRGeD4XG7+XAU=
			</data>
		</dict>
		<key>Home/legal/jdk.jartool/ADDITIONAL_LICENSE_INFO</key>
		<dict>
			<key>symlink</key>
			<string>../java.base/ADDITIONAL_LICENSE_INFO</string>
		</dict>
		<key>Home/legal/jdk.jartool/ASSEMBLY_EXCEPTION</key>
		<dict>
			<key>symlink</key>
			<string>../java.base/ASSEMBLY_EXCEPTION</string>
		</dict>
		<key>Home/legal/jdk.jartool/LICENSE</key>
		<dict>
			<key>symlink</key>
			<string>../java.base/LICENSE</string>
		</dict>
		<key>Home/legal/jdk.javadoc/ADDITIONAL_LICENSE_INFO</key>
		<dict>
			<key>symlink</key>
			<string>../java.base/ADDITIONAL_LICENSE_INFO</string>
		</dict>
		<key>Home/legal/jdk.javadoc/ASSEMBLY_EXCEPTION</key>
		<dict>
			<key>symlink</key>
			<string>../java.base/ASSEMBLY_EXCEPTION</string>
		</dict>
		<key>Home/legal/jdk.javadoc/LICENSE</key>
		<dict>
			<key>symlink</key>
			<string>../java.base/LICENSE</string>
		</dict>
		<key>Home/legal/jdk.javadoc/jquery.md</key>
		<dict>
			<key>hash2</key>
			<data>
			to9FTCvViVnIYtlL8PFsP3ii1Tc4jKBg01Q0TbgO5pU=
			</data>
		</dict>
		<key>Home/legal/jdk.javadoc/jqueryUI.md</key>
		<dict>
			<key>hash2</key>
			<data>
			uwoOievYJN9xRRa/ZLkQHGIIHks3bwD5KaWMCVVb8RE=
			</data>
		</dict>
		<key>Home/legal/jdk.jconsole/ADDITIONAL_LICENSE_INFO</key>
		<dict>
			<key>symlink</key>
			<string>../java.base/ADDITIONAL_LICENSE_INFO</string>
		</dict>
		<key>Home/legal/jdk.jconsole/ASSEMBLY_EXCEPTION</key>
		<dict>
			<key>symlink</key>
			<string>../java.base/ASSEMBLY_EXCEPTION</string>
		</dict>
		<key>Home/legal/jdk.jconsole/LICENSE</key>
		<dict>
			<key>symlink</key>
			<string>../java.base/LICENSE</string>
		</dict>
		<key>Home/legal/jdk.jdeps/ADDITIONAL_LICENSE_INFO</key>
		<dict>
			<key>symlink</key>
			<string>../java.base/ADDITIONAL_LICENSE_INFO</string>
		</dict>
		<key>Home/legal/jdk.jdeps/ASSEMBLY_EXCEPTION</key>
		<dict>
			<key>symlink</key>
			<string>../java.base/ASSEMBLY_EXCEPTION</string>
		</dict>
		<key>Home/legal/jdk.jdeps/LICENSE</key>
		<dict>
			<key>symlink</key>
			<string>../java.base/LICENSE</string>
		</dict>
		<key>Home/legal/jdk.jdi/ADDITIONAL_LICENSE_INFO</key>
		<dict>
			<key>symlink</key>
			<string>../java.base/ADDITIONAL_LICENSE_INFO</string>
		</dict>
		<key>Home/legal/jdk.jdi/ASSEMBLY_EXCEPTION</key>
		<dict>
			<key>symlink</key>
			<string>../java.base/ASSEMBLY_EXCEPTION</string>
		</dict>
		<key>Home/legal/jdk.jdi/LICENSE</key>
		<dict>
			<key>symlink</key>
			<string>../java.base/LICENSE</string>
		</dict>
		<key>Home/legal/jdk.jdwp.agent/ADDITIONAL_LICENSE_INFO</key>
		<dict>
			<key>symlink</key>
			<string>../java.base/ADDITIONAL_LICENSE_INFO</string>
		</dict>
		<key>Home/legal/jdk.jdwp.agent/ASSEMBLY_EXCEPTION</key>
		<dict>
			<key>symlink</key>
			<string>../java.base/ASSEMBLY_EXCEPTION</string>
		</dict>
		<key>Home/legal/jdk.jdwp.agent/LICENSE</key>
		<dict>
			<key>symlink</key>
			<string>../java.base/LICENSE</string>
		</dict>
		<key>Home/legal/jdk.jfr/ADDITIONAL_LICENSE_INFO</key>
		<dict>
			<key>symlink</key>
			<string>../java.base/ADDITIONAL_LICENSE_INFO</string>
		</dict>
		<key>Home/legal/jdk.jfr/ASSEMBLY_EXCEPTION</key>
		<dict>
			<key>symlink</key>
			<string>../java.base/ASSEMBLY_EXCEPTION</string>
		</dict>
		<key>Home/legal/jdk.jfr/LICENSE</key>
		<dict>
			<key>symlink</key>
			<string>../java.base/LICENSE</string>
		</dict>
		<key>Home/legal/jdk.jlink/ADDITIONAL_LICENSE_INFO</key>
		<dict>
			<key>symlink</key>
			<string>../java.base/ADDITIONAL_LICENSE_INFO</string>
		</dict>
		<key>Home/legal/jdk.jlink/ASSEMBLY_EXCEPTION</key>
		<dict>
			<key>symlink</key>
			<string>../java.base/ASSEMBLY_EXCEPTION</string>
		</dict>
		<key>Home/legal/jdk.jlink/LICENSE</key>
		<dict>
			<key>symlink</key>
			<string>../java.base/LICENSE</string>
		</dict>
		<key>Home/legal/jdk.jpackage/ADDITIONAL_LICENSE_INFO</key>
		<dict>
			<key>symlink</key>
			<string>../java.base/ADDITIONAL_LICENSE_INFO</string>
		</dict>
		<key>Home/legal/jdk.jpackage/ASSEMBLY_EXCEPTION</key>
		<dict>
			<key>symlink</key>
			<string>../java.base/ASSEMBLY_EXCEPTION</string>
		</dict>
		<key>Home/legal/jdk.jpackage/LICENSE</key>
		<dict>
			<key>symlink</key>
			<string>../java.base/LICENSE</string>
		</dict>
		<key>Home/legal/jdk.jshell/ADDITIONAL_LICENSE_INFO</key>
		<dict>
			<key>symlink</key>
			<string>../java.base/ADDITIONAL_LICENSE_INFO</string>
		</dict>
		<key>Home/legal/jdk.jshell/ASSEMBLY_EXCEPTION</key>
		<dict>
			<key>symlink</key>
			<string>../java.base/ASSEMBLY_EXCEPTION</string>
		</dict>
		<key>Home/legal/jdk.jshell/LICENSE</key>
		<dict>
			<key>symlink</key>
			<string>../java.base/LICENSE</string>
		</dict>
		<key>Home/legal/jdk.jsobject/ADDITIONAL_LICENSE_INFO</key>
		<dict>
			<key>symlink</key>
			<string>../java.base/ADDITIONAL_LICENSE_INFO</string>
		</dict>
		<key>Home/legal/jdk.jsobject/ASSEMBLY_EXCEPTION</key>
		<dict>
			<key>symlink</key>
			<string>../java.base/ASSEMBLY_EXCEPTION</string>
		</dict>
		<key>Home/legal/jdk.jsobject/LICENSE</key>
		<dict>
			<key>symlink</key>
			<string>../java.base/LICENSE</string>
		</dict>
		<key>Home/legal/jdk.jstatd/ADDITIONAL_LICENSE_INFO</key>
		<dict>
			<key>symlink</key>
			<string>../java.base/ADDITIONAL_LICENSE_INFO</string>
		</dict>
		<key>Home/legal/jdk.jstatd/ASSEMBLY_EXCEPTION</key>
		<dict>
			<key>symlink</key>
			<string>../java.base/ASSEMBLY_EXCEPTION</string>
		</dict>
		<key>Home/legal/jdk.jstatd/LICENSE</key>
		<dict>
			<key>symlink</key>
			<string>../java.base/LICENSE</string>
		</dict>
		<key>Home/legal/jdk.localedata/ADDITIONAL_LICENSE_INFO</key>
		<dict>
			<key>symlink</key>
			<string>../java.base/ADDITIONAL_LICENSE_INFO</string>
		</dict>
		<key>Home/legal/jdk.localedata/ASSEMBLY_EXCEPTION</key>
		<dict>
			<key>symlink</key>
			<string>../java.base/ASSEMBLY_EXCEPTION</string>
		</dict>
		<key>Home/legal/jdk.localedata/LICENSE</key>
		<dict>
			<key>symlink</key>
			<string>../java.base/LICENSE</string>
		</dict>
		<key>Home/legal/jdk.localedata/cldr.md</key>
		<dict>
			<key>symlink</key>
			<string>../java.base/cldr.md</string>
		</dict>
		<key>Home/legal/jdk.localedata/thaidict.md</key>
		<dict>
			<key>hash2</key>
			<data>
			wyYUSiNRyWCPpwi119PFo9oD6CtmR5sSjp20lpU5gko=
			</data>
		</dict>
		<key>Home/legal/jdk.management.agent/ADDITIONAL_LICENSE_INFO</key>
		<dict>
			<key>symlink</key>
			<string>../java.base/ADDITIONAL_LICENSE_INFO</string>
		</dict>
		<key>Home/legal/jdk.management.agent/ASSEMBLY_EXCEPTION</key>
		<dict>
			<key>symlink</key>
			<string>../java.base/ASSEMBLY_EXCEPTION</string>
		</dict>
		<key>Home/legal/jdk.management.agent/LICENSE</key>
		<dict>
			<key>symlink</key>
			<string>../java.base/LICENSE</string>
		</dict>
		<key>Home/legal/jdk.management.jfr/ADDITIONAL_LICENSE_INFO</key>
		<dict>
			<key>symlink</key>
			<string>../java.base/ADDITIONAL_LICENSE_INFO</string>
		</dict>
		<key>Home/legal/jdk.management.jfr/ASSEMBLY_EXCEPTION</key>
		<dict>
			<key>symlink</key>
			<string>../java.base/ASSEMBLY_EXCEPTION</string>
		</dict>
		<key>Home/legal/jdk.management.jfr/LICENSE</key>
		<dict>
			<key>symlink</key>
			<string>../java.base/LICENSE</string>
		</dict>
		<key>Home/legal/jdk.management/ADDITIONAL_LICENSE_INFO</key>
		<dict>
			<key>symlink</key>
			<string>../java.base/ADDITIONAL_LICENSE_INFO</string>
		</dict>
		<key>Home/legal/jdk.management/ASSEMBLY_EXCEPTION</key>
		<dict>
			<key>symlink</key>
			<string>../java.base/ASSEMBLY_EXCEPTION</string>
		</dict>
		<key>Home/legal/jdk.management/LICENSE</key>
		<dict>
			<key>symlink</key>
			<string>../java.base/LICENSE</string>
		</dict>
		<key>Home/legal/jdk.naming.dns/ADDITIONAL_LICENSE_INFO</key>
		<dict>
			<key>symlink</key>
			<string>../java.base/ADDITIONAL_LICENSE_INFO</string>
		</dict>
		<key>Home/legal/jdk.naming.dns/ASSEMBLY_EXCEPTION</key>
		<dict>
			<key>symlink</key>
			<string>../java.base/ASSEMBLY_EXCEPTION</string>
		</dict>
		<key>Home/legal/jdk.naming.dns/LICENSE</key>
		<dict>
			<key>symlink</key>
			<string>../java.base/LICENSE</string>
		</dict>
		<key>Home/legal/jdk.naming.rmi/ADDITIONAL_LICENSE_INFO</key>
		<dict>
			<key>symlink</key>
			<string>../java.base/ADDITIONAL_LICENSE_INFO</string>
		</dict>
		<key>Home/legal/jdk.naming.rmi/ASSEMBLY_EXCEPTION</key>
		<dict>
			<key>symlink</key>
			<string>../java.base/ASSEMBLY_EXCEPTION</string>
		</dict>
		<key>Home/legal/jdk.naming.rmi/LICENSE</key>
		<dict>
			<key>symlink</key>
			<string>../java.base/LICENSE</string>
		</dict>
		<key>Home/legal/jdk.net/ADDITIONAL_LICENSE_INFO</key>
		<dict>
			<key>symlink</key>
			<string>../java.base/ADDITIONAL_LICENSE_INFO</string>
		</dict>
		<key>Home/legal/jdk.net/ASSEMBLY_EXCEPTION</key>
		<dict>
			<key>symlink</key>
			<string>../java.base/ASSEMBLY_EXCEPTION</string>
		</dict>
		<key>Home/legal/jdk.net/LICENSE</key>
		<dict>
			<key>symlink</key>
			<string>../java.base/LICENSE</string>
		</dict>
		<key>Home/legal/jdk.nio.mapmode/ADDITIONAL_LICENSE_INFO</key>
		<dict>
			<key>symlink</key>
			<string>../java.base/ADDITIONAL_LICENSE_INFO</string>
		</dict>
		<key>Home/legal/jdk.nio.mapmode/ASSEMBLY_EXCEPTION</key>
		<dict>
			<key>symlink</key>
			<string>../java.base/ASSEMBLY_EXCEPTION</string>
		</dict>
		<key>Home/legal/jdk.nio.mapmode/LICENSE</key>
		<dict>
			<key>symlink</key>
			<string>../java.base/LICENSE</string>
		</dict>
		<key>Home/legal/jdk.random/ADDITIONAL_LICENSE_INFO</key>
		<dict>
			<key>symlink</key>
			<string>../java.base/ADDITIONAL_LICENSE_INFO</string>
		</dict>
		<key>Home/legal/jdk.random/ASSEMBLY_EXCEPTION</key>
		<dict>
			<key>symlink</key>
			<string>../java.base/ASSEMBLY_EXCEPTION</string>
		</dict>
		<key>Home/legal/jdk.random/LICENSE</key>
		<dict>
			<key>symlink</key>
			<string>../java.base/LICENSE</string>
		</dict>
		<key>Home/legal/jdk.sctp/ADDITIONAL_LICENSE_INFO</key>
		<dict>
			<key>symlink</key>
			<string>../java.base/ADDITIONAL_LICENSE_INFO</string>
		</dict>
		<key>Home/legal/jdk.sctp/ASSEMBLY_EXCEPTION</key>
		<dict>
			<key>symlink</key>
			<string>../java.base/ASSEMBLY_EXCEPTION</string>
		</dict>
		<key>Home/legal/jdk.sctp/LICENSE</key>
		<dict>
			<key>symlink</key>
			<string>../java.base/LICENSE</string>
		</dict>
		<key>Home/legal/jdk.security.auth/ADDITIONAL_LICENSE_INFO</key>
		<dict>
			<key>symlink</key>
			<string>../java.base/ADDITIONAL_LICENSE_INFO</string>
		</dict>
		<key>Home/legal/jdk.security.auth/ASSEMBLY_EXCEPTION</key>
		<dict>
			<key>symlink</key>
			<string>../java.base/ASSEMBLY_EXCEPTION</string>
		</dict>
		<key>Home/legal/jdk.security.auth/LICENSE</key>
		<dict>
			<key>symlink</key>
			<string>../java.base/LICENSE</string>
		</dict>
		<key>Home/legal/jdk.security.jgss/ADDITIONAL_LICENSE_INFO</key>
		<dict>
			<key>symlink</key>
			<string>../java.base/ADDITIONAL_LICENSE_INFO</string>
		</dict>
		<key>Home/legal/jdk.security.jgss/ASSEMBLY_EXCEPTION</key>
		<dict>
			<key>symlink</key>
			<string>../java.base/ASSEMBLY_EXCEPTION</string>
		</dict>
		<key>Home/legal/jdk.security.jgss/LICENSE</key>
		<dict>
			<key>symlink</key>
			<string>../java.base/LICENSE</string>
		</dict>
		<key>Home/legal/jdk.unsupported.desktop/ADDITIONAL_LICENSE_INFO</key>
		<dict>
			<key>symlink</key>
			<string>../java.base/ADDITIONAL_LICENSE_INFO</string>
		</dict>
		<key>Home/legal/jdk.unsupported.desktop/ASSEMBLY_EXCEPTION</key>
		<dict>
			<key>symlink</key>
			<string>../java.base/ASSEMBLY_EXCEPTION</string>
		</dict>
		<key>Home/legal/jdk.unsupported.desktop/LICENSE</key>
		<dict>
			<key>symlink</key>
			<string>../java.base/LICENSE</string>
		</dict>
		<key>Home/legal/jdk.unsupported/ADDITIONAL_LICENSE_INFO</key>
		<dict>
			<key>symlink</key>
			<string>../java.base/ADDITIONAL_LICENSE_INFO</string>
		</dict>
		<key>Home/legal/jdk.unsupported/ASSEMBLY_EXCEPTION</key>
		<dict>
			<key>symlink</key>
			<string>../java.base/ASSEMBLY_EXCEPTION</string>
		</dict>
		<key>Home/legal/jdk.unsupported/LICENSE</key>
		<dict>
			<key>symlink</key>
			<string>../java.base/LICENSE</string>
		</dict>
		<key>Home/legal/jdk.xml.dom/ADDITIONAL_LICENSE_INFO</key>
		<dict>
			<key>symlink</key>
			<string>../java.base/ADDITIONAL_LICENSE_INFO</string>
		</dict>
		<key>Home/legal/jdk.xml.dom/ASSEMBLY_EXCEPTION</key>
		<dict>
			<key>symlink</key>
			<string>../java.base/ASSEMBLY_EXCEPTION</string>
		</dict>
		<key>Home/legal/jdk.xml.dom/LICENSE</key>
		<dict>
			<key>symlink</key>
			<string>../java.base/LICENSE</string>
		</dict>
		<key>Home/legal/jdk.zipfs/ADDITIONAL_LICENSE_INFO</key>
		<dict>
			<key>symlink</key>
			<string>../java.base/ADDITIONAL_LICENSE_INFO</string>
		</dict>
		<key>Home/legal/jdk.zipfs/ASSEMBLY_EXCEPTION</key>
		<dict>
			<key>symlink</key>
			<string>../java.base/ASSEMBLY_EXCEPTION</string>
		</dict>
		<key>Home/legal/jdk.zipfs/LICENSE</key>
		<dict>
			<key>symlink</key>
			<string>../java.base/LICENSE</string>
		</dict>
		<key>Home/lib/classlist</key>
		<dict>
			<key>hash2</key>
			<data>
			TWEItL3LPgg0cslFfQ2B41RQEAZBGNG7GYz3yQeMf8k=
			</data>
		</dict>
		<key>Home/lib/ct.sym</key>
		<dict>
			<key>hash2</key>
			<data>
			UxZtt9pZCMit1xHDh51NyoAvGfO0Cc+3Te426KCBE+M=
			</data>
		</dict>
		<key>Home/lib/fontconfig.bfc</key>
		<dict>
			<key>hash2</key>
			<data>
			VAmVKiGBJsXBHPDkljZlcRruq1D1ZIJk1whm/KcFqVA=
			</data>
		</dict>
		<key>Home/lib/fontconfig.properties.src</key>
		<dict>
			<key>hash2</key>
			<data>
			yNIKSjkkBmUlIwa909vI1x4eJGyM2MeYWzLkEBZYoUg=
			</data>
		</dict>
		<key>Home/lib/jfr/default.jfc</key>
		<dict>
			<key>hash2</key>
			<data>
			sXZdVqDsxXEzYAtyhLt7O5dzZsQ2W3rP/Yb4FXc21T4=
			</data>
		</dict>
		<key>Home/lib/jfr/profile.jfc</key>
		<dict>
			<key>hash2</key>
			<data>
			SF+5Db7O6alQxFJHRkNRFisesMNTh/u5KfACxgCAclE=
			</data>
		</dict>
		<key>Home/lib/jrt-fs.jar</key>
		<dict>
			<key>hash2</key>
			<data>
			ZE0zg7G6zDKLDz5mdqv+MrKvEFwMYXezTqp/trup96A=
			</data>
		</dict>
		<key>Home/lib/jspawnhelper</key>
		<dict>
			<key>hash2</key>
			<data>
			Uk6tiV3Gt7J1g52RuBSmUfdnceUmCzqpFU2gXCm/4hU=
			</data>
		</dict>
		<key>Home/lib/jvm.cfg</key>
		<dict>
			<key>hash2</key>
			<data>
			qp77lpREwUhOKa3sq1WhIkWAkGFudmsvEjDvBbw4Z+A=
			</data>
		</dict>
		<key>Home/lib/libattach.dylib</key>
		<dict>
			<key>hash2</key>
			<data>
			rFudmuVEXJ8XIQAwwg01pCSuhDlUgHM98Mqy3+TZ4Sg=
			</data>
		</dict>
		<key>Home/lib/libawt.dylib</key>
		<dict>
			<key>hash2</key>
			<data>
			ayJyu6xPxD8NTsYIHiiHQI574qUTcMg9AmiASaC5oiM=
			</data>
		</dict>
		<key>Home/lib/libawt_lwawt.dylib</key>
		<dict>
			<key>hash2</key>
			<data>
			TqJ9K8zvXimJ5z6BSW+0JIwLSUN8rcqorlGcpsvLjy0=
			</data>
		</dict>
		<key>Home/lib/libdt_socket.dylib</key>
		<dict>
			<key>hash2</key>
			<data>
			3R/GtMX7qGBVvq8A/n84zRyhVG4MQCVygzWt3KCvr54=
			</data>
		</dict>
		<key>Home/lib/libextnet.dylib</key>
		<dict>
			<key>hash2</key>
			<data>
			biiR067WdJ9PGlbgKL/QWa4HMwuAPNFyspfpkESTrwc=
			</data>
		</dict>
		<key>Home/lib/libfontmanager.dylib</key>
		<dict>
			<key>hash2</key>
			<data>
			tluidMEMeHxCuF46SkJGnPo/vYJvJyerhQA0jOFfFM4=
			</data>
		</dict>
		<key>Home/lib/libfreetype.dylib</key>
		<dict>
			<key>hash2</key>
			<data>
			1EFLGfigKe/pctInFyUe0m6oZlZuAVCvxY0JRdblRaY=
			</data>
		</dict>
		<key>Home/lib/libinstrument.dylib</key>
		<dict>
			<key>hash2</key>
			<data>
			qTggnFZp9sT69WPnuyhxIwWMq0AOoy4R7ahmlrNxpBc=
			</data>
		</dict>
		<key>Home/lib/libj2gss.dylib</key>
		<dict>
			<key>hash2</key>
			<data>
			lX/Rb3NZuVX/Lx3C4EGHjNvob8JM3MmjbvkqSypqL/k=
			</data>
		</dict>
		<key>Home/lib/libj2pcsc.dylib</key>
		<dict>
			<key>hash2</key>
			<data>
			TSrqe/Om73wyAnle2vofpPo9pMYgZDJfbKhToXLn06c=
			</data>
		</dict>
		<key>Home/lib/libj2pkcs11.dylib</key>
		<dict>
			<key>hash2</key>
			<data>
			dXrmSFgoQRxVDAKAZr9SDUmQRDIXHm6j0VfTDztm9DA=
			</data>
		</dict>
		<key>Home/lib/libjaas.dylib</key>
		<dict>
			<key>hash2</key>
			<data>
			q8deyvScwaBSgXRVe/QXUNSii707RsjBhHXpt9f0VSI=
			</data>
		</dict>
		<key>Home/lib/libjava.dylib</key>
		<dict>
			<key>hash2</key>
			<data>
			PmLPsLEsPojWXHK2cn8RM3X1ZGep/XJURa+e75OtZLA=
			</data>
		</dict>
		<key>Home/lib/libjavajpeg.dylib</key>
		<dict>
			<key>hash2</key>
			<data>
			addX2mWC53C64CVgkmVPFiYsno4jOvCVqSiZifN7v1k=
			</data>
		</dict>
		<key>Home/lib/libjawt.dylib</key>
		<dict>
			<key>hash2</key>
			<data>
			OJoKGNosypxEsuzJDWkHOmDPF3/WsE+hMZm1KxdRSwg=
			</data>
		</dict>
		<key>Home/lib/libjdwp.dylib</key>
		<dict>
			<key>hash2</key>
			<data>
			EtBoguwqfoFGkMaow1QCNkFkkIaHncdG2JfB4vxgeRA=
			</data>
		</dict>
		<key>Home/lib/libjimage.dylib</key>
		<dict>
			<key>hash2</key>
			<data>
			P8guWZ2oW/edylOzRyl292REXxMwnGYWV4uuLSZepYE=
			</data>
		</dict>
		<key>Home/lib/libjli.dylib</key>
		<dict>
			<key>hash2</key>
			<data>
			8lu/ue2PNLEFspvxdRrryXKOspSOZyRnc1F5cvo5DI4=
			</data>
		</dict>
		<key>Home/lib/libjsig.dylib</key>
		<dict>
			<key>hash2</key>
			<data>
			s4zLHBS+cy1KVqWXHhRspWP1fUJCavOnfxi49B/J25A=
			</data>
		</dict>
		<key>Home/lib/libjsound.dylib</key>
		<dict>
			<key>hash2</key>
			<data>
			togLED/7fq6AGViPsFvVtK7iAWYUsLGyx0HgjePL6qk=
			</data>
		</dict>
		<key>Home/lib/liblcms.dylib</key>
		<dict>
			<key>hash2</key>
			<data>
			N9fWSdGEudVP5qRyruvDV6cAzKIlt7eHGgZ7JhfbRa8=
			</data>
		</dict>
		<key>Home/lib/lible.dylib</key>
		<dict>
			<key>hash2</key>
			<data>
			QhS1beXVzeqtbOv9SKzVodTVU3HtK56W9XqFT4WTnDo=
			</data>
		</dict>
		<key>Home/lib/libmanagement.dylib</key>
		<dict>
			<key>hash2</key>
			<data>
			jeGl2DKQUfPCm25zEVjc093Tz0d98dxxuyLkM+KvdkA=
			</data>
		</dict>
		<key>Home/lib/libmanagement_agent.dylib</key>
		<dict>
			<key>hash2</key>
			<data>
			XAB8XDUl3lTp5lCUhkh1CLm+ra/19Wx3o+h8rXnixug=
			</data>
		</dict>
		<key>Home/lib/libmanagement_ext.dylib</key>
		<dict>
			<key>hash2</key>
			<data>
			S+Pz8/UqfRhtTVY5ytr6PI/kNrW3Od0EfYyCSUnO9Ek=
			</data>
		</dict>
		<key>Home/lib/libmlib_image.dylib</key>
		<dict>
			<key>hash2</key>
			<data>
			Kzcelkzrk0m0OpevoeTmn+KxIOUIjTYLCzc0uLaC/O4=
			</data>
		</dict>
		<key>Home/lib/libnet.dylib</key>
		<dict>
			<key>hash2</key>
			<data>
			ewpNU/KuP6iooOM+ISPnkrwJ17AKIU5Et1TlhKmcZOg=
			</data>
		</dict>
		<key>Home/lib/libnio.dylib</key>
		<dict>
			<key>hash2</key>
			<data>
			BVd3mvVp5Fxa1hcOnmv3vEDkNzN6GyyMBJb6nA4lbY0=
			</data>
		</dict>
		<key>Home/lib/libosx.dylib</key>
		<dict>
			<key>hash2</key>
			<data>
			O8Z1hJdGcZgwKxz7G9z+D29bSKMrxiIfoqpzwb3WhmY=
			</data>
		</dict>
		<key>Home/lib/libosxapp.dylib</key>
		<dict>
			<key>hash2</key>
			<data>
			L/9muzqkZ/TgVYFDcOeKomD+RpwtHPLawoV1LWSIMY8=
			</data>
		</dict>
		<key>Home/lib/libosxkrb5.dylib</key>
		<dict>
			<key>hash2</key>
			<data>
			oexFiObNk4FpgpCB9z7VSPFAccm6dRQOCvXxjtksUeo=
			</data>
		</dict>
		<key>Home/lib/libosxsecurity.dylib</key>
		<dict>
			<key>hash2</key>
			<data>
			cLht2JXyWI3LXK1Sxtk+Ofmi8gesvIlZuxkgd//dHhE=
			</data>
		</dict>
		<key>Home/lib/libosxui.dylib</key>
		<dict>
			<key>hash2</key>
			<data>
			I4Gl/FO5e77K6vLj5yUONBvHA3ZOY6sm+wnUcs6tcMk=
			</data>
		</dict>
		<key>Home/lib/libprefs.dylib</key>
		<dict>
			<key>hash2</key>
			<data>
			B1qu05BeYn1+F8nkOIiFnWFgwrVRmHIDr9SYR1xHxCo=
			</data>
		</dict>
		<key>Home/lib/librmi.dylib</key>
		<dict>
			<key>hash2</key>
			<data>
			/fTqNb8lvIJnliyQCv4SCHC90Q0kBrxdpem/GB2i/CE=
			</data>
		</dict>
		<key>Home/lib/libsplashscreen.dylib</key>
		<dict>
			<key>hash2</key>
			<data>
			4R8dU/hpM4nug8vlGolSCAzLikoihXs8riZ6O/Dm8Ag=
			</data>
		</dict>
		<key>Home/lib/libsyslookup.dylib</key>
		<dict>
			<key>hash2</key>
			<data>
			tU0R+bvN4VpSxpjz3FG5gHFCdiEEwBdPC5EmSqMtFtU=
			</data>
		</dict>
		<key>Home/lib/libverify.dylib</key>
		<dict>
			<key>hash2</key>
			<data>
			fA9QhBb45A5zoHqNxPGn+ghK+BwWBphJYJWcOD0SIZE=
			</data>
		</dict>
		<key>Home/lib/libzip.dylib</key>
		<dict>
			<key>hash2</key>
			<data>
			zei4j4l6i6gp46ei86B9S8msMqXYO10xPStNVH6ps+o=
			</data>
		</dict>
		<key>Home/lib/modules</key>
		<dict>
			<key>hash2</key>
			<data>
			t/IvPb3c74VcnRWyi5EgL3OyWSCLYgPKNr0V1vWzI1A=
			</data>
		</dict>
		<key>Home/lib/psfont.properties.ja</key>
		<dict>
			<key>hash2</key>
			<data>
			WkvVG5ab8Yf/htlPSnH9+/pgJ2KXX6PHPSZLRXX3x48=
			</data>
		</dict>
		<key>Home/lib/psfontj2d.properties</key>
		<dict>
			<key>hash2</key>
			<data>
			eAxWXVrz7m9ouIe3XAQc30agWS9nAS8S7raRKD6SYwo=
			</data>
		</dict>
		<key>Home/lib/security/blocked.certs</key>
		<dict>
			<key>hash2</key>
			<data>
			llcvJD8xwu+BpuYnVC5Zb2qSlc/zx64JXBtZXLFFfe0=
			</data>
		</dict>
		<key>Home/lib/security/cacerts</key>
		<dict>
			<key>hash2</key>
			<data>
			dbrx5M5vFH4YrOnOhI+cqhoRwwgRa+d5fZCB5l/Reyg=
			</data>
		</dict>
		<key>Home/lib/security/default.policy</key>
		<dict>
			<key>hash2</key>
			<data>
			K9QYqrMLCRsTaWL4C+fd853LqF8IKlWKaZOEiuZTZq4=
			</data>
		</dict>
		<key>Home/lib/security/public_suffix_list.dat</key>
		<dict>
			<key>hash2</key>
			<data>
			qlCyjOakHnufqduMuAmD0dHfNYLdA/RIay9kRZtK8VA=
			</data>
		</dict>
		<key>Home/lib/server/libjsig.dylib</key>
		<dict>
			<key>hash2</key>
			<data>
			s4zLHBS+cy1KVqWXHhRspWP1fUJCavOnfxi49B/J25A=
			</data>
		</dict>
		<key>Home/lib/server/libjvm.dylib</key>
		<dict>
			<key>hash2</key>
			<data>
			VNuVXg/JZ3RXM2dq+vsXAVVQe7TuXQpX7ExdR0p8chk=
			</data>
		</dict>
		<key>Home/lib/shaders.metallib</key>
		<dict>
			<key>hash2</key>
			<data>
			I4iJIRUx1u9p4CVqbx9cLUmnjTYInSCknSiY/K/UkB0=
			</data>
		</dict>
		<key>Home/lib/tzdb.dat</key>
		<dict>
			<key>hash2</key>
			<data>
			EIpj+zFrHqqJSfP/cmXCrwQCyf8T82BXjmWMqq/ED68=
			</data>
		</dict>
		<key>Home/release</key>
		<dict>
			<key>hash2</key>
			<data>
			PE3UGJfSQVU1BF4YnDZGgWQSGOXDEgXMBGG6uu5ul+Q=
			</data>
		</dict>
	</dict>
	<key>rules</key>
	<dict>
		<key>^Resources/</key>
		<true/>
		<key>^Resources/.*\.lproj/</key>
		<dict>
			<key>optional</key>
			<true/>
			<key>weight</key>
			<real>1000</real>
		</dict>
		<key>^Resources/.*\.lproj/locversion.plist$</key>
		<dict>
			<key>omit</key>
			<true/>
			<key>weight</key>
			<real>1100</real>
		</dict>
		<key>^Resources/Base\.lproj/</key>
		<dict>
			<key>weight</key>
			<real>1010</real>
		</dict>
		<key>^version.plist$</key>
		<true/>
	</dict>
	<key>rules2</key>
	<dict>
		<key>.*\.dSYM($|/)</key>
		<dict>
			<key>weight</key>
			<real>11</real>
		</dict>
		<key>^(.*/)?\.DS_Store$</key>
		<dict>
			<key>omit</key>
			<true/>
			<key>weight</key>
			<real>2000</real>
		</dict>
		<key>^(Frameworks|SharedFrameworks|PlugIns|Plug-ins|XPCServices|Helpers|MacOS|Library/(Automator|Spotlight|LoginItems))/</key>
		<dict>
			<key>nested</key>
			<true/>
			<key>weight</key>
			<real>10</real>
		</dict>
		<key>^.*</key>
		<true/>
		<key>^Info\.plist$</key>
		<dict>
			<key>omit</key>
			<true/>
			<key>weight</key>
			<real>20</real>
		</dict>
		<key>^PkgInfo$</key>
		<dict>
			<key>omit</key>
			<true/>
			<key>weight</key>
			<real>20</real>
		</dict>
		<key>^Resources/</key>
		<dict>
			<key>weight</key>
			<real>20</real>
		</dict>
		<key>^Resources/.*\.lproj/</key>
		<dict>
			<key>optional</key>
			<true/>
			<key>weight</key>
			<real>1000</real>
		</dict>
		<key>^Resources/.*\.lproj/locversion.plist$</key>
		<dict>
			<key>omit</key>
			<true/>
			<key>weight</key>
			<real>1100</real>
		</dict>
		<key>^Resources/Base\.lproj/</key>
		<dict>
			<key>weight</key>
			<real>1010</real>
		</dict>
		<key>^[^/]+$</key>
		<dict>
			<key>nested</key>
			<true/>
			<key>weight</key>
			<real>10</real>
		</dict>
		<key>^embedded\.provisionprofile$</key>
		<dict>
			<key>weight</key>
			<real>20</real>
		</dict>
		<key>^version\.plist$</key>
		<dict>
			<key>weight</key>
			<real>20</real>
		</dict>
	</dict>
</dict>
</plist>
